[
  {
    "id": "dd4d835b-6124-4d62-bfec-562b6bef0ec9",
    "data": [
      {
        "text": "hokkien prawn mee",
        "alias": "foods",
        "meta": "@foods",
        "userDefined": false
      }
    ],
    "isTemplate": false,
    "count": 0,
    "updated": 1521624369
  },
  {
    "id": "37bb6881-013d-47c9-815b-e4a8831547fd",
    "data": [
      {
        "text": "clementi",
        "alias": "drinks",
        "meta": "@drinks",
        "userDefined": false
      },
      {
        "text": "?",
        "userDefined": false
      }
    ],
    "isTemplate": false,
    "count": 0,
    "updated": 1521624369
  },
  {
    "id": "b9d04572-503e-4322-bdab-70271f18e1ae",
    "data": [
      {
        "text": "mee siam",
        "alias": "foods",
        "meta": "@foods",
        "userDefined": false
      }
    ],
    "isTemplate": false,
    "count": 0,
    "updated": 1521624369
  }
]