[
  {
    "id": "1254ea14-572c-4a15-bf6c-534a8be06ffb",
    "data": [
      {
        "text": "Help",
        "userDefined": false
      }
    ],
    "isTemplate": false,
    "count": 0,
    "updated": 1521602281
  },
  {
    "id": "c3f4d356-3977-4f93-9a7d-28e6624e6a59",
    "data": [
      {
        "text": "Can i see the menu?",
        "userDefined": false
      }
    ],
    "isTemplate": false,
    "count": 0,
    "updated": 1521537460
  },
  {
    "id": "959d9961-9f28-4234-8274-afc21df2c3c5",
    "data": [
      {
        "text": "Info",
        "userDefined": false
      }
    ],
    "isTemplate": false,
    "count": 0,
    "updated": 1521602281
  },
  {
    "id": "074257a3-830b-484c-b8fb-eab02c3f700d",
    "data": [
      {
        "text": "what do you have ",
        "userDefined": false
      },
      {
        "text": "today",
        "alias": "date",
        "meta": "@sys.date",
        "userDefined": false
      },
      {
        "text": "?",
        "userDefined": false
      }
    ],
    "isTemplate": false,
    "count": 0,
    "updated": 1521537460
  },
  {
    "id": "1a45b971-2b43-460c-8955-09e631eac40d",
    "data": [
      {
        "text": "what\u0027s the menu?",
        "userDefined": false
      }
    ],
    "isTemplate": false,
    "count": 0,
    "updated": 1521537460
  },
  {
    "id": "7bab954f-e984-4a16-af30-8a6d14478baf",
    "data": [
      {
        "text": "What do you have?",
        "userDefined": false
      }
    ],
    "isTemplate": false,
    "count": 0,
    "updated": 1521537460
  },
  {
    "id": "5f6fee70-dd81-48a1-a1b9-eb3911e4933e",
    "data": [
      {
        "text": "What\u0027s the special menu ",
        "userDefined": false
      },
      {
        "text": "today",
        "alias": "date",
        "meta": "@sys.date",
        "userDefined": false
      },
      {
        "text": "?",
        "userDefined": false
      }
    ],
    "isTemplate": false,
    "count": 0,
    "updated": 1521537460
  }
]