[
  {
    "id": "5ff0479f-ae45-4598-8b81-edb37221037b",
    "data": [
      {
        "text": "how?",
        "userDefined": false
      }
    ],
    "isTemplate": false,
    "count": 0,
    "updated": 1520926392
  },
  {
    "id": "7eb899db-ddd0-42f8-8e98-cc321569b5ac",
    "data": [
      {
        "text": "how can i interact with you?",
        "userDefined": false
      }
    ],
    "isTemplate": false,
    "count": 0,
    "updated": 1520926392
  },
  {
    "id": "d7fa2817-ea89-4cb2-a23f-c48d8460b0d5",
    "data": [
      {
        "text": "how to order",
        "userDefined": false
      }
    ],
    "isTemplate": false,
    "count": 0,
    "updated": 1520926392
  },
  {
    "id": "9e38e088-565e-45dc-8f82-40c87a592f71",
    "data": [
      {
        "text": "order?",
        "userDefined": false
      }
    ],
    "isTemplate": false,
    "count": 0,
    "updated": 1520926392
  },
  {
    "id": "a29956f3-4a9d-44d5-adfc-55d9da552a94",
    "data": [
      {
        "text": "how to?",
        "userDefined": false
      }
    ],
    "isTemplate": false,
    "count": 0,
    "updated": 1520926392
  }
]