[
  {
    "id": "98807060-3625-4261-b008-c17d79f57aeb",
    "data": [
      {
        "text": "how to pay",
        "userDefined": false
      }
    ],
    "isTemplate": false,
    "count": 0,
    "updated": 1521535008
  },
  {
    "id": "1f51fd4c-0be1-4d5a-b2f4-285441847d1e",
    "data": [
      {
        "text": "purchase by?",
        "userDefined": false
      }
    ],
    "isTemplate": false,
    "count": 0,
    "updated": 1521535008
  },
  {
    "id": "18553832-d4ec-40a4-bf8c-87baedf5e152",
    "data": [
      {
        "text": "how to purchase?",
        "userDefined": false
      }
    ],
    "isTemplate": false,
    "count": 0,
    "updated": 1521535008
  },
  {
    "id": "2d1fd63c-1049-4124-8b95-8f85dd8a5aeb",
    "data": [
      {
        "text": "pay by?",
        "userDefined": false
      }
    ],
    "isTemplate": false,
    "count": 0,
    "updated": 1521535008
  },
  {
    "id": "0616d1ef-84bf-4126-9d66-ec2d6a08e0ea",
    "data": [
      {
        "text": "how to pay money?",
        "userDefined": false
      }
    ],
    "isTemplate": false,
    "count": 0,
    "updated": 1521535008
  }
]