[
  {
    "id": "e028c0f0-81d5-4d50-b281-9c804cfbd886",
    "data": [
      {
        "text": "Do you have any promotions ",
        "userDefined": false
      },
      {
        "text": "today",
        "alias": "date",
        "meta": "@sys.date",
        "userDefined": false
      },
      {
        "text": "?",
        "userDefined": false
      }
    ],
    "isTemplate": false,
    "count": 0,
    "updated": 1521264929
  },
  {
    "id": "fe92420d-5af2-430f-97c1-5a625cbd64a0",
    "data": [
      {
        "text": "I don\u0027t have member card, can i get discount?",
        "userDefined": false
      }
    ],
    "isTemplate": false,
    "count": 0,
    "updated": 1521264929
  },
  {
    "id": "666ecc40-82f5-46a8-a650-b36b1271ac24",
    "data": [
      {
        "text": "discounts ",
        "userDefined": false
      },
      {
        "text": "today",
        "alias": "date",
        "meta": "@sys.date",
        "userDefined": false
      },
      {
        "text": "?",
        "userDefined": false
      }
    ],
    "isTemplate": false,
    "count": 0,
    "updated": 1521264929
  },
  {
    "id": "907556a6-ebd8-424c-a0bb-753fc6473cec",
    "data": [
      {
        "text": "What promotions can I use?",
        "userDefined": false
      }
    ],
    "isTemplate": false,
    "count": 0,
    "updated": 1521264929
  }
]