[
  {
    "id": "4105411f-fb5e-4c5c-b8a7-182ee1388ffa",
    "data": [
      {
        "text": "can I pay by ",
        "userDefined": false
      },
      {
        "text": "credit card",
        "alias": "payment",
        "meta": "@payment",
        "userDefined": true
      },
      {
        "text": "?",
        "userDefined": false
      }
    ],
    "isTemplate": false,
    "count": 0,
    "updated": 1521534845
  },
  {
    "id": "5d2fee40-c958-41d7-876f-270fe59fce9d",
    "data": [
      {
        "text": "can i use ",
        "userDefined": false
      },
      {
        "text": "ezlink",
        "alias": "payment",
        "meta": "@payment",
        "userDefined": false
      },
      {
        "text": "?",
        "userDefined": false
      }
    ],
    "isTemplate": false,
    "count": 0,
    "updated": 1522741120
  },
  {
    "id": "bf0c050b-c5a4-407c-8b6f-e019c8552fd8",
    "data": [
      {
        "text": "cash",
        "alias": "payment",
        "meta": "@payment",
        "userDefined": true
      },
      {
        "text": " please",
        "userDefined": false
      }
    ],
    "isTemplate": false,
    "count": 0,
    "updated": 1521534845
  },
  {
    "id": "3780c515-a11d-4ed0-ab8f-d7a0657e613e",
    "data": [
      {
        "text": "can i pay by ",
        "userDefined": false
      },
      {
        "text": "staff card",
        "alias": "payment",
        "meta": "@payment",
        "userDefined": true
      },
      {
        "text": "?",
        "userDefined": false
      }
    ],
    "isTemplate": false,
    "count": 0,
    "updated": 1522741120
  },
  {
    "id": "093d4f42-c5f3-4e7b-ba3a-36a64bd8cb51",
    "data": [
      {
        "text": "can i use my ",
        "userDefined": false
      },
      {
        "text": "student card",
        "alias": "payment",
        "meta": "@payment",
        "userDefined": true
      },
      {
        "text": "?",
        "userDefined": false
      }
    ],
    "isTemplate": false,
    "count": 0,
    "updated": 1522741120
  },
  {
    "id": "09b2ac06-b4c5-45ec-a7c0-528d0c075fcd",
    "data": [
      {
        "text": "can pay by ",
        "userDefined": false
      },
      {
        "text": "debit card",
        "alias": "payment",
        "meta": "@payment",
        "userDefined": false
      },
      {
        "text": "?",
        "userDefined": false
      }
    ],
    "isTemplate": false,
    "count": 0,
    "updated": 1521535087
  },
  {
    "id": "92951bc7-49c7-4970-93c0-19d6505f8e3e",
    "data": [
      {
        "text": "do you accept ",
        "userDefined": false
      },
      {
        "text": "ezlink",
        "alias": "payment",
        "meta": "@payment",
        "userDefined": true
      },
      {
        "text": "?",
        "userDefined": false
      }
    ],
    "isTemplate": false,
    "count": 0,
    "updated": 1521534845
  },
  {
    "id": "a2c8205b-45ff-4964-af72-60e4473c2a01",
    "data": [
      {
        "text": "By ",
        "userDefined": false
      },
      {
        "text": "cash",
        "alias": "payment",
        "meta": "@payment",
        "userDefined": true
      }
    ],
    "isTemplate": false,
    "count": 0,
    "updated": 1521534845
  },
  {
    "id": "bba761bf-d05e-4a74-82b3-ac35d738e523",
    "data": [
      {
        "text": "nets",
        "alias": "payment",
        "meta": "@payment",
        "userDefined": true
      },
      {
        "text": " please",
        "userDefined": false
      }
    ],
    "isTemplate": false,
    "count": 0,
    "updated": 1521534845
  },
  {
    "id": "9b91b110-8ab5-485b-a960-464b5b165876",
    "data": [
      {
        "text": "cash",
        "alias": "payment",
        "meta": "@payment",
        "userDefined": true
      }
    ],
    "isTemplate": false,
    "count": 0,
    "updated": 1521534845
  },
  {
    "id": "c856b53a-6a03-4d98-b2c2-5e9c61eb5eaa",
    "data": [
      {
        "text": "card",
        "alias": "payment",
        "meta": "@payment",
        "userDefined": true
      },
      {
        "text": " please",
        "userDefined": false
      }
    ],
    "isTemplate": false,
    "count": 0,
    "updated": 1521534845
  }
]