[
  {
    "id": "1d3492b6-269a-4ff7-a89e-25eacddc4567",
    "data": [
      {
        "text": "Can I add more ",
        "userDefined": false
      },
      {
        "text": "toast cubes",
        "alias": "side_dish",
        "meta": "@side_dish",
        "userDefined": true
      },
      {
        "text": "?",
        "userDefined": false
      }
    ],
    "isTemplate": false,
    "count": 0,
    "updated": 1521265176
  },
  {
    "id": "172a2f47-0243-4d02-b89d-7b3a14acef69",
    "data": [
      {
        "text": "I choose french ",
        "userDefined": false
      },
      {
        "text": "fries",
        "alias": "side_dish",
        "meta": "@side_dish",
        "userDefined": false
      }
    ],
    "isTemplate": false,
    "count": 0,
    "updated": 1520584115
  },
  {
    "id": "5fcaa80c-f982-43de-8a21-14a2ae523d60",
    "data": [
      {
        "text": "French ",
        "userDefined": false
      },
      {
        "text": "fries",
        "alias": "side_dish",
        "meta": "@side_dish",
        "userDefined": false
      },
      {
        "text": ", and ",
        "userDefined": false
      },
      {
        "text": "spaghetti",
        "alias": "side_dish",
        "meta": "@side_dish",
        "userDefined": false
      }
    ],
    "isTemplate": false,
    "count": 0,
    "updated": 1520584115
  }
]