[
  {
    "id": "cbf3da77-5d5a-4ebb-a5e7-4820cdbb4e1a",
    "data": [
      {
        "text": "Any ",
        "userDefined": false
      },
      {
        "text": "local food",
        "alias": "food_cuisines",
        "meta": "@food_cuisines",
        "userDefined": false
      },
      {
        "text": " you want to suggest?",
        "userDefined": false
      }
    ],
    "isTemplate": false,
    "count": 0,
    "updated": 1521624115
  },
  {
    "id": "0fd549b8-469d-4b60-9f37-5aa6958b9bb4",
    "data": [
      {
        "text": "indian",
        "alias": "food_cuisines",
        "meta": "@food_cuisines",
        "userDefined": true
      },
      {
        "text": " food?",
        "userDefined": false
      }
    ],
    "isTemplate": false,
    "count": 0,
    "updated": 1522035537
  },
  {
    "id": "c0ca1021-c13e-4e2d-ae2b-3742ae42827a",
    "data": [
      {
        "text": "Do you have  ",
        "userDefined": false
      },
      {
        "text": "malaysian food",
        "alias": "food_cuisines",
        "meta": "@food_cuisines",
        "userDefined": false
      },
      {
        "text": "?",
        "userDefined": false
      }
    ],
    "isTemplate": false,
    "count": 0,
    "updated": 1521624115
  },
  {
    "id": "ea8b3893-b26d-46c1-b2a0-f757a71d65bd",
    "data": [
      {
        "text": "List of ",
        "userDefined": false
      },
      {
        "text": "chinese food",
        "alias": "food_cuisines",
        "meta": "@food_cuisines",
        "userDefined": false
      }
    ],
    "isTemplate": false,
    "count": 0,
    "updated": 1521624115
  },
  {
    "id": "55864b34-1e86-4cc0-b940-fe0a4f0aeb30",
    "data": [
      {
        "text": "vietnamese",
        "alias": "food_cuisines",
        "meta": "@food_cuisines",
        "userDefined": true
      },
      {
        "text": " food?",
        "userDefined": false
      }
    ],
    "isTemplate": false,
    "count": 0,
    "updated": 1522035537
  },
  {
    "id": "5850158a-8af8-4339-9b30-09b8fed059c5",
    "data": [
      {
        "text": "Any @food_cuisines:food_cuisines ?",
        "userDefined": false
      }
    ],
    "isTemplate": true,
    "count": 0,
    "updated": 1521624115
  },
  {
    "id": "544fac00-21eb-4e28-b8e0-bb14844a86de",
    "data": [
      {
        "text": "List of @food_cuisines:food_cuisines ?",
        "userDefined": false
      }
    ],
    "isTemplate": true,
    "count": 0,
    "updated": 1521624115
  },
  {
    "id": "8dba0baa-6979-46b3-99c0-38c9b7250e25",
    "data": [
      {
        "text": "List of food",
        "userDefined": false
      }
    ],
    "isTemplate": false,
    "count": 1,
    "updated": 1521624115
  }
]