[
  {
    "id": "9d58fc40-5440-4c17-a9fc-1d64b5ee536b",
    "data": [
      {
        "text": "What beverage are available?",
        "userDefined": false
      }
    ],
    "isTemplate": false,
    "count": 0,
    "updated": 1522045920
  },
  {
    "id": "31557b70-ea14-42d3-9cf4-fc947cd03e11",
    "data": [
      {
        "text": "what kind of drink do you have",
        "userDefined": false
      }
    ],
    "isTemplate": false,
    "count": 0,
    "updated": 1522045476
  },
  {
    "id": "cc7db3ea-75e0-47b2-8688-6b195e4003ba",
    "data": [
      {
        "text": "Any thing for drink?",
        "userDefined": false
      }
    ],
    "isTemplate": false,
    "count": 0,
    "updated": 1521265115
  },
  {
    "id": "d5bc6dc4-0766-45e6-ab81-29d1f4259b56",
    "data": [
      {
        "text": "List of beverage",
        "userDefined": false
      }
    ],
    "isTemplate": false,
    "count": 0,
    "updated": 1522045920
  },
  {
    "id": "6574ab4c-c730-4732-9387-9b36af2820ea",
    "data": [
      {
        "text": "List of drink",
        "userDefined": false
      }
    ],
    "isTemplate": false,
    "count": 0,
    "updated": 1522045476
  },
  {
    "id": "8e7ffbc9-93ff-4b3f-87bf-dd2e365b361a",
    "data": [
      {
        "text": "Do you have anything to drink?",
        "userDefined": false
      }
    ],
    "isTemplate": false,
    "count": 0,
    "updated": 1521265115
  }
]