[
  {
    "id": "ad91a5ac-0cce-4e5e-ab45-c261299d6443",
    "data": [
      {
        "text": "confirm",
        "userDefined": false
      }
    ],
    "isTemplate": false,
    "count": 1,
    "updated": 1521775779
  },
  {
    "id": "bd58982c-c594-4b5b-b3b4-1a0776836188",
    "data": [
      {
        "text": "of course",
        "userDefined": false
      }
    ],
    "isTemplate": false,
    "count": 0,
    "updated": 1521775779
  },
  {
    "id": "3af56f3d-0506-440c-a4a1-44edde971ec6",
    "data": [
      {
        "text": "okay",
        "userDefined": false
      }
    ],
    "isTemplate": false,
    "count": 0,
    "updated": 1521775779
  },
  {
    "id": "2c880210-1a21-4089-948f-0a30df09f3c6",
    "data": [
      {
        "text": "ok",
        "userDefined": false
      }
    ],
    "isTemplate": false,
    "count": 0,
    "updated": 1521775779
  },
  {
    "id": "b4e6e7dd-0298-46ea-af0f-3579a7179aa7",
    "data": [
      {
        "text": "sure",
        "userDefined": false
      }
    ],
    "isTemplate": false,
    "count": 2,
    "updated": 1521775779
  },
  {
    "id": "ff1949e8-d40e-4db4-8aed-a052e2f3ac27",
    "data": [
      {
        "text": "do it",
        "userDefined": false
      }
    ],
    "isTemplate": false,
    "count": 1,
    "updated": 1521775779
  },
  {
    "id": "48512060-00b7-439f-81a2-a60e6fe3cb8d",
    "data": [
      {
        "text": "I agree",
        "userDefined": false
      }
    ],
    "isTemplate": false,
    "count": 1,
    "updated": 1521775779
  },
  {
    "id": "527446bd-c44a-4f0f-bea9-6285be27a31a",
    "data": [
      {
        "text": "that\u0027s correct",
        "userDefined": false
      }
    ],
    "isTemplate": false,
    "count": 0,
    "updated": 1521775779
  },
  {
    "id": "91b93ba2-0cd5-4553-8d6e-e94c8835c451",
    "data": [
      {
        "text": "yes",
        "userDefined": false
      }
    ],
    "isTemplate": false,
    "count": 0,
    "updated": 1521775779
  },
  {
    "id": "8de76d32-951f-4f3a-9fe9-3cb04c3b3788",
    "data": [
      {
        "text": "exactly",
        "userDefined": false
      }
    ],
    "isTemplate": false,
    "count": 0,
    "updated": 1521775779
  },
  {
    "id": "f24d1d35-637d-47df-88f7-a9478aef0bc4",
    "data": [
      {
        "text": "I don\u0027t mind",
        "userDefined": false
      }
    ],
    "isTemplate": false,
    "count": 0,
    "updated": 1521775779
  },
  {
    "id": "c0ff9f82-6411-4aef-b418-bc9912c640d9",
    "data": [
      {
        "text": "sounds good",
        "userDefined": false
      }
    ],
    "isTemplate": false,
    "count": 0,
    "updated": 1521775779
  }
]