[
  {
    "id": "091dbab9-42c0-403a-b940-4f33734eeb66",
    "data": [
      {
        "text": "skip",
        "userDefined": false
      }
    ],
    "isTemplate": false,
    "count": 2,
    "updated": 1520913303
  },
  {
    "id": "381540f6-ec4d-44d3-b2df-57cbe0e859f1",
    "data": [
      {
        "text": "just forget about it",
        "userDefined": false
      }
    ],
    "isTemplate": false,
    "count": 1,
    "updated": 1520913303
  },
  {
    "id": "56563770-cfc5-4ce2-8b28-122bc2869f2b",
    "data": [
      {
        "text": "stop it",
        "userDefined": false
      }
    ],
    "isTemplate": false,
    "count": 0,
    "updated": 1520913303
  },
  {
    "id": "37bd0033-cad5-4b0b-92ee-dfe385abef99",
    "data": [
      {
        "text": "do nothing",
        "userDefined": false
      }
    ],
    "isTemplate": false,
    "count": 0,
    "updated": 1520913303
  },
  {
    "id": "e84daad2-1b5b-4504-ba99-89481eb84740",
    "data": [
      {
        "text": "cancel that",
        "userDefined": false
      }
    ],
    "isTemplate": false,
    "count": 5,
    "updated": 1520913303
  },
  {
    "id": "65a3be24-d567-4e43-a76b-c89f49411cd4",
    "data": [
      {
        "text": "forget that",
        "userDefined": false
      }
    ],
    "isTemplate": false,
    "count": 0,
    "updated": 1520913303
  },
  {
    "id": "cca788dc-576f-42e6-8c7c-531cf873a5f7",
    "data": [
      {
        "text": "stop",
        "userDefined": false
      }
    ],
    "isTemplate": false,
    "count": 3,
    "updated": 1520913303
  },
  {
    "id": "4573b038-e330-44b3-9915-db0109043d7b",
    "data": [
      {
        "text": "never mind",
        "userDefined": false
      }
    ],
    "isTemplate": false,
    "count": 0,
    "updated": 1520913303
  },
  {
    "id": "7ae49ca0-6e50-4d8b-9137-ae180d65f4eb",
    "data": [
      {
        "text": "cancel",
        "userDefined": false
      }
    ],
    "isTemplate": false,
    "count": 0,
    "updated": 1520913303
  },
  {
    "id": "859b4059-33cb-4021-92f3-95c6153b7cff",
    "data": [
      {
        "text": "dismiss",
        "userDefined": false
      }
    ],
    "isTemplate": false,
    "count": 0,
    "updated": 1520913303
  }
]