[
  {
    "id": "7cc965cb-b63f-4abd-9e60-ad2a8df68f82",
    "data": [
      {
        "text": "come again",
        "userDefined": false
      }
    ],
    "isTemplate": false,
    "count": 0,
    "updated": 1521775700
  },
  {
    "id": "242c7c8a-0b29-409f-a124-1b81caaecce3",
    "data": [
      {
        "text": "do it again",
        "userDefined": false
      }
    ],
    "isTemplate": false,
    "count": 0,
    "updated": 1521775700
  },
  {
    "id": "f11d8c5e-742f-4b71-abd9-4d9c749ee01a",
    "data": [
      {
        "text": "repeat",
        "userDefined": false
      }
    ],
    "isTemplate": false,
    "count": 0,
    "updated": 1521775700
  },
  {
    "id": "32c30108-aeb7-4820-9c7a-2c179a9ca63a",
    "data": [
      {
        "text": "repeat these results",
        "userDefined": false
      }
    ],
    "isTemplate": false,
    "count": 0,
    "updated": 1521775700
  },
  {
    "id": "59a80e50-7d47-4aaf-be2f-f157e2d0f899",
    "data": [
      {
        "text": "could you repeat that",
        "userDefined": false
      }
    ],
    "isTemplate": false,
    "count": 0,
    "updated": 1521775700
  },
  {
    "id": "e49dc4a1-c5c1-4eb6-802d-5e425efbebec",
    "data": [
      {
        "text": "say the same again",
        "userDefined": false
      }
    ],
    "isTemplate": false,
    "count": 0,
    "updated": 1521775700
  },
  {
    "id": "2a64fd3d-25e2-41a4-ae4b-df3a1b5b56ba",
    "data": [
      {
        "text": "please repeat that",
        "userDefined": false
      }
    ],
    "isTemplate": false,
    "count": 0,
    "updated": 1521775700
  },
  {
    "id": "92645332-0781-40f2-a998-1a09af89dd8a",
    "data": [
      {
        "text": "repeat it",
        "userDefined": false
      }
    ],
    "isTemplate": false,
    "count": 0,
    "updated": 1521775700
  },
  {
    "id": "38db2188-6d25-462e-8b94-85e515ed0cf3",
    "data": [
      {
        "text": "say it again",
        "userDefined": false
      }
    ],
    "isTemplate": false,
    "count": 0,
    "updated": 1521775700
  },
  {
    "id": "6137ff8e-50e9-4b16-993c-681a85d4b030",
    "data": [
      {
        "text": "repeat what you\u0027ve just said",
        "userDefined": false
      }
    ],
    "isTemplate": false,
    "count": 0,
    "updated": 1521775700
  }
]