[
  {
    "id": "c3d5b848-0333-4484-80d5-42e9a34006c6",
    "data": [
      {
        "text": "1",
        "alias": "unit",
        "meta": "@sys.number",
        "userDefined": false
      },
      {
        "text": " ",
        "userDefined": false
      },
      {
        "text": "char kway teow",
        "alias": "foods",
        "meta": "@foods",
        "userDefined": false
      },
      {
        "text": ", ",
        "userDefined": false
      },
      {
        "text": "2",
        "alias": "unit",
        "meta": "@sys.number",
        "userDefined": false
      },
      {
        "text": " ",
        "userDefined": false
      },
      {
        "text": "laksa",
        "alias": "foods",
        "meta": "@foods",
        "userDefined": false
      },
      {
        "text": " please",
        "userDefined": false
      }
    ],
    "isTemplate": false,
    "count": 1,
    "updated": 1521186014
  },
  {
    "id": "2641ccea-b697-43a2-8083-1201278342b8",
    "data": [
      {
        "text": "can I have ",
        "userDefined": false
      },
      {
        "text": "1",
        "alias": "unit",
        "meta": "@sys.number",
        "userDefined": false
      },
      {
        "text": " ",
        "userDefined": false
      },
      {
        "text": "char kway teow",
        "alias": "foods",
        "meta": "@foods",
        "userDefined": false
      },
      {
        "text": "?",
        "userDefined": false
      }
    ],
    "isTemplate": false,
    "count": 0,
    "updated": 1521186014
  },
  {
    "id": "cbf529c4-1c4e-4d74-9e7c-84d6d8cb58f9",
    "data": [
      {
        "text": "one",
        "alias": "unit",
        "meta": "@sys.number",
        "userDefined": false
      },
      {
        "text": " ",
        "userDefined": false
      },
      {
        "text": "char kway teow",
        "alias": "foods",
        "meta": "@foods",
        "userDefined": false
      }
    ],
    "isTemplate": false,
    "count": 0,
    "updated": 1521813185
  },
  {
    "id": "4124f132-8c49-4d87-8abd-4fb1156a15fe",
    "data": [
      {
        "text": "ok, ",
        "userDefined": false
      },
      {
        "text": "1",
        "alias": "unit",
        "meta": "@sys.number",
        "userDefined": false
      },
      {
        "text": " ",
        "userDefined": false
      },
      {
        "text": "nasi lemak",
        "alias": "foods",
        "meta": "@foods",
        "userDefined": false
      }
    ],
    "isTemplate": false,
    "count": 0,
    "updated": 1521624254
  },
  {
    "id": "af60ffef-5cc9-4d4f-aec6-2fba7b16c74b",
    "data": [
      {
        "text": "ok, 1 more @foods:foods",
        "userDefined": false
      }
    ],
    "isTemplate": true,
    "count": 0,
    "updated": 1521624254
  },
  {
    "id": "ff7353c5-6c3a-4653-a4ab-0e5fbe7569a2",
    "data": [
      {
        "text": "I want ",
        "userDefined": false
      },
      {
        "text": "1",
        "alias": "unit",
        "meta": "@sys.number",
        "userDefined": false
      },
      {
        "text": " ",
        "userDefined": false
      },
      {
        "text": "nasi lemak",
        "alias": "foods",
        "meta": "@foods",
        "userDefined": false
      }
    ],
    "isTemplate": false,
    "count": 0,
    "updated": 1521186014
  }
]