[
  {
    "id": "54778e21-1d15-49f9-9cd5-3886bdfc16b1",
    "data": [
      {
        "text": "less @foods:foods",
        "userDefined": false
      }
    ],
    "isTemplate": true,
    "count": 0,
    "updated": 1520843257
  },
  {
    "id": "3518cf5a-60d9-41aa-98af-bad5a8643da5",
    "data": [
      {
        "text": "more",
        "alias": "more_or_less",
        "meta": "@food_customize",
        "userDefined": false
      },
      {
        "text": " ",
        "userDefined": false
      },
      {
        "text": "noodles",
        "alias": "foods",
        "meta": "@foods",
        "userDefined": false
      }
    ],
    "isTemplate": false,
    "count": 0,
    "updated": 1520843257
  },
  {
    "id": "e85a608c-9261-4768-9bdc-e3d05cc1eb34",
    "data": [
      {
        "text": "less",
        "alias": "more_or_less",
        "meta": "@food_customize",
        "userDefined": false
      },
      {
        "text": " ",
        "userDefined": false
      },
      {
        "text": "noodle",
        "alias": "foods",
        "meta": "@foods",
        "userDefined": true
      },
      {
        "text": " please",
        "userDefined": false
      }
    ],
    "isTemplate": false,
    "count": 0,
    "updated": 1520843257
  },
  {
    "id": "ca80bdc9-415a-4ea5-97f7-d6331c60aff8",
    "data": [
      {
        "text": "More",
        "alias": "more_or_less",
        "meta": "@food_customize",
        "userDefined": false
      },
      {
        "text": " ",
        "userDefined": false
      },
      {
        "text": "rice",
        "alias": "foods",
        "meta": "@foods",
        "userDefined": true
      },
      {
        "text": " please",
        "userDefined": false
      }
    ],
    "isTemplate": false,
    "count": 0,
    "updated": 1520843257
  },
  {
    "id": "943ce2c4-1c32-4be5-a5be-e716f12a8ef4",
    "data": [
      {
        "text": "more @foods:foods please",
        "userDefined": false
      }
    ],
    "isTemplate": true,
    "count": 0,
    "updated": 1520843257
  },
  {
    "id": "74f1f7fb-dcff-487b-9bb6-be377e3637ea",
    "data": [
      {
        "text": "more",
        "alias": "more_or_less",
        "meta": "@food_customize",
        "userDefined": false
      },
      {
        "text": " ",
        "userDefined": false
      },
      {
        "text": "rice",
        "alias": "foods",
        "meta": "@foods",
        "userDefined": false
      }
    ],
    "isTemplate": false,
    "count": 0,
    "updated": 1520843257
  },
  {
    "id": "45809391-da1c-427b-a748-bc530381b265",
    "data": [
      {
        "text": "more",
        "alias": "more_or_less",
        "meta": "@food_customize",
        "userDefined": false
      },
      {
        "text": " ",
        "userDefined": false
      },
      {
        "text": "beef",
        "alias": "foods",
        "meta": "@foods",
        "userDefined": true
      },
      {
        "text": " pls",
        "userDefined": false
      }
    ],
    "isTemplate": false,
    "count": 0,
    "updated": 1520843257
  }
]