[
  {
    "id": "b26278a1-eaa3-45fd-81cf-25a377b19195",
    "data": [
      {
        "text": "1",
        "alias": "number",
        "meta": "@sys.number",
        "userDefined": false
      },
      {
        "text": " ",
        "userDefined": false
      },
      {
        "text": "bubble tea",
        "alias": "drinks",
        "meta": "@drinks",
        "userDefined": false
      },
      {
        "text": " please",
        "userDefined": false
      }
    ],
    "isTemplate": false,
    "count": 0,
    "updated": 1520931205
  },
  {
    "id": "591fcb59-dd7d-43b9-aa9d-cefcdb7d7bed",
    "data": [
      {
        "text": "one",
        "alias": "number",
        "meta": "@sys.number",
        "userDefined": false
      },
      {
        "text": " ",
        "userDefined": false
      },
      {
        "text": "coffee",
        "alias": "drinks",
        "meta": "@drinks",
        "userDefined": true
      },
      {
        "text": " please",
        "userDefined": false
      }
    ],
    "isTemplate": false,
    "count": 0,
    "updated": 1520931205
  },
  {
    "id": "fefac9b3-9ee1-4def-9537-bae64ddc673c",
    "data": [
      {
        "text": "yes, 1 @drinks:drinks  please",
        "userDefined": false
      }
    ],
    "isTemplate": true,
    "count": 0,
    "updated": 1520931205
  },
  {
    "id": "84c95acd-3cf0-4af9-880e-f4da30e90874",
    "data": [
      {
        "text": "1",
        "alias": "number",
        "meta": "@sys.number",
        "userDefined": false
      },
      {
        "text": " ",
        "userDefined": false
      },
      {
        "text": "milk tea",
        "alias": "drinks",
        "meta": "@drinks",
        "userDefined": true
      },
      {
        "text": ", and ",
        "userDefined": false
      },
      {
        "text": "1",
        "alias": "number",
        "meta": "@sys.number",
        "userDefined": false
      },
      {
        "text": " hot ",
        "userDefined": false
      },
      {
        "text": "coffee",
        "alias": "drinks",
        "meta": "@drinks",
        "userDefined": true
      },
      {
        "text": " with milk",
        "userDefined": false
      }
    ],
    "isTemplate": false,
    "count": 0,
    "updated": 1520931205
  },
  {
    "id": "0f586976-cbb3-4eb0-9eeb-a76fb59c008f",
    "data": [
      {
        "text": "sure, I want ",
        "userDefined": false
      },
      {
        "text": "1",
        "alias": "number",
        "meta": "@sys.number",
        "userDefined": false
      },
      {
        "text": " ",
        "userDefined": false
      },
      {
        "text": "kopi",
        "alias": "drinks",
        "meta": "@drinks",
        "userDefined": false
      }
    ],
    "isTemplate": false,
    "count": 0,
    "updated": 1520931205
  }
]