[
  {
    "value": "popiah",
    "synonyms": [
      "popiah"
    ]
  },
  {
    "value": "tau huay",
    "synonyms": [
      "tau huay",
      "dou hua"
    ]
  },
  {
    "value": "bubble tea",
    "synonyms": [
      "bubble tea"
    ]
  },
  {
    "value": "ban shao",
    "synonyms": [
      "ban shao"
    ]
  },
  {
    "value": "wang qing shui",
    "synonyms": [
      "wang qing shui",
      "hang zheng pai"
    ]
  },
  {
    "value": "teh tarik",
    "synonyms": [
      "teh tarik"
    ]
  },
  {
    "value": "barley water",
    "synonyms": [
      "barley water"
    ]
  },
  {
    "value": "orh gao",
    "synonyms": [
      "orh gao",
      "ang ji gao"
    ]
  },
  {
    "value": "beer gao",
    "synonyms": [
      "beer gao",
      "tiger beer"
    ]
  },
  {
    "value": "kopi",
    "synonyms": [
      "kopi"
    ]
  },
  {
    "value": "curry puff",
    "synonyms": [
      "curry puff"
    ]
  },
  {
    "value": "coffee",
    "synonyms": [
      "coffee"
    ]
  },
  {
    "value": "tai ka ho",
    "synonyms": [
      "tai ka ho"
    ]
  },
  {
    "value": "ah huey",
    "synonyms": [
      "ah huey"
    ]
  },
  {
    "value": "clementi",
    "synonyms": [
      "clementi",
      "lemon tea"
    ]
  },
  {
    "value": "chin chow grass jelly",
    "synonyms": [
      "chin chow grass jelly"
    ]
  },
  {
    "value": "soy bean",
    "synonyms": [
      "soy bean"
    ]
  },
  {
    "value": "sugarcane juice",
    "synonyms": [
      "sugarcane juice"
    ]
  },
  {
    "value": "kup poh",
    "synonyms": [
      "kup poh"
    ]
  },
  {
    "value": "ji ba ho",
    "synonyms": [
      "ji ba ho"
    ]
  },
  {
    "value": "bandung",
    "synonyms": [
      "bandung"
    ]
  },
  {
    "value": "ice kacang",
    "synonyms": [
      "ice kacang"
    ]
  },
  {
    "value": "buay si gor lak",
    "synonyms": [
      "buay si gor lak"
    ]
  },
  {
    "value": "chwee kway",
    "synonyms": [
      "chwee kway"
    ]
  },
  {
    "value": "teh",
    "synonyms": [
      "teh"
    ]
  },
  {
    "value": "tak kiu",
    "synonyms": [
      "tak kiu"
    ]
  },
  {
    "value": "lao hor",
    "synonyms": [
      "lao hor"
    ]
  },
  {
    "value": "milk tea",
    "synonyms": [
      "milk tea"
    ]
  }
]