[
  {
    "value": "local",
    "synonyms": [
      "local",
      "local foods",
      "local food",
      "singapore food",
      "singapore foods"
    ]
  },
  {
    "value": "vietnamese",
    "synonyms": [
      "vietnamese",
      "VNese",
      "Vietnamese",
      "vietnamese food",
      "Vietnamese food"
    ]
  },
  {
    "value": "malay",
    "synonyms": [
      "malay food",
      "malaysian food",
      "Malaysian food",
      "Malay food",
      "Malaysian foods",
      "malaysian foods",
      "malay foods"
    ]
  },
  {
    "value": "western",
    "synonyms": [
      "western food",
      "Western food",
      "western foods"
    ]
  },
  {
    "value": "indian",
    "synonyms": [
      "indian",
      "Indian food",
      "India food",
      "india food",
      "indian food"
    ]
  },
  {
    "value": "chinese",
    "synonyms": [
      "chinese food",
      "Chinese foods",
      "chinese foods",
      "Chinese food",
      "China foods",
      "China food",
      "food from  china",
      "foods from China"
    ]
  }
]