[
  {
    "value": "biryani",
    "synonyms": [
      "biryani"
    ]
  },
  {
    "value": "hokkien prawn mee",
    "synonyms": [
      "hokkien prawn mee"
    ]
  },
  {
    "value": "oyster omelette",
    "synonyms": [
      "oyster omelette"
    ]
  },
  {
    "value": "fried carrot cake",
    "synonyms": [
      "fried carrot cake"
    ]
  },
  {
    "value": "hokkien char mee",
    "synonyms": [
      "hokkien char mee"
    ]
  },
  {
    "value": "pasta",
    "synonyms": [
      "pasta",
      "singapore pasta"
    ]
  },
  {
    "value": "curry fish head",
    "synonyms": [
      "curry fish head"
    ]
  },
  {
    "value": "noodle",
    "synonyms": [
      "noodle"
    ]
  },
  {
    "value": "spaghetti with sausage",
    "synonyms": [
      "spaghetti with sausage"
    ]
  },
  {
    "value": "chicken rice",
    "synonyms": [
      "chicken rice"
    ]
  },
  {
    "value": "beef",
    "synonyms": [
      "beef"
    ]
  },
  {
    "value": "rojak",
    "synonyms": [
      "rojak"
    ]
  },
  {
    "value": "aglio olio chicken cutlet",
    "synonyms": [
      "aglio olio chicken cutlet"
    ]
  },
  {
    "value": "roti prata",
    "synonyms": [
      "roti prata"
    ]
  },
  {
    "value": "satay",
    "synonyms": [
      "satay"
    ]
  },
  {
    "value": "spaghetti with chicken chop",
    "synonyms": [
      "spaghetti with chicken chop"
    ]
  },
  {
    "value": "aglio olio chicken chop",
    "synonyms": [
      "aglio olio chicken chop"
    ]
  },
  {
    "value": "bee hoon",
    "synonyms": [
      "fish slice bee hoon",
      "bee hoon"
    ]
  },
  {
    "value": "spaghetti with chicken cutlet",
    "synonyms": [
      "spaghetti with chicken cutlet"
    ]
  },
  {
    "value": "bun bo hue",
    "synonyms": [
      "bun bo hue",
      "Bun bo Hue",
      "Bún bò huế",
      "bún bò Huế",
      "bún bò huế"
    ]
  },
  {
    "value": "spaghetti with ham and mushroom",
    "synonyms": [
      "spaghetti with ham and mushroom",
      "spaghetti with ham"
    ]
  },
  {
    "value": "pho",
    "synonyms": [
      "pho",
      "phở"
    ]
  },
  {
    "value": "mee siam",
    "synonyms": [
      "mee siam"
    ]
  },
  {
    "value": "dim sum",
    "synonyms": [
      "dim sum"
    ]
  },
  {
    "value": "wanton mee",
    "synonyms": [
      "wanton mee"
    ]
  },
  {
    "value": "pho bo",
    "synonyms": [
      "pho bo",
      "phở bò"
    ]
  },
  {
    "value": "char kway teow",
    "synonyms": [
      "char kway teow"
    ]
  },
  {
    "value": "laksa",
    "synonyms": [
      "laksa"
    ]
  },
  {
    "value": "chicken burger",
    "synonyms": [
      "chicken burger",
      "Chicken burger"
    ]
  },
  {
    "value": "bak chor mee",
    "synonyms": [
      "bak chor mee"
    ]
  },
  {
    "value": "crabs",
    "synonyms": [
      "crabs",
      "chilli crabs",
      "pepper crabs"
    ]
  },
  {
    "value": "nasi lemak",
    "synonyms": [
      "nasi lemak"
    ]
  },
  {
    "value": "fish burger",
    "synonyms": [
      "fish burger",
      "Fish Burger"
    ]
  },
  {
    "value": "bak kut teh",
    "synonyms": [
      "bak kut teh"
    ]
  },
  {
    "value": "fried hokkien mee",
    "synonyms": [
      "fried hokkien mee",
      "hokkien mee",
      "hokkien char mee"
    ]
  },
  {
    "value": "fish n chips",
    "synonyms": [
      "fish n chips",
      "Fish and Chips",
      "fish and  chips",
      "fish \u0026 chips"
    ]
  }
]