[
  {
    "value": "nets",
    "synonyms": [
      "nets"
    ]
  },
  {
    "value": "student card",
    "synonyms": [
      "student card"
    ]
  },
  {
    "value": "staff card",
    "synonyms": [
      "staff card"
    ]
  },
  {
    "value": "ezlink",
    "synonyms": [
      "ezlink",
      "ezlink card"
    ]
  },
  {
    "value": "card",
    "synonyms": [
      "card",
      "northspine card"
    ]
  },
  {
    "value": "cash",
    "synonyms": [
      "cash",
      "paper money"
    ]
  },
  {
    "value": "credit card",
    "synonyms": [
      "credit card",
      "debit card"
    ]
  }
]