[
  {
    "value": "fries",
    "synonyms": [
      "fries"
    ]
  },
  {
    "value": "mash potato",
    "synonyms": [
      "mash potato"
    ]
  },
  {
    "value": "toast cubes",
    "synonyms": [
      "toast cubes"
    ]
  },
  {
    "value": "salad",
    "synonyms": [
      "salad"
    ]
  },
  {
    "value": "soup",
    "synonyms": [
      "soup"
    ]
  },
  {
    "value": "spaghetti",
    "synonyms": [
      "spaghetti"
    ]
  },
  {
    "value": "pasta",
    "synonyms": [
      "pasta"
    ]
  }
]